{
  "method": "isotonic",
  "brier_cv": 0.14919572282950747,
  "brier_full": 0.13992665847456442,
  "brier_raw": 0.24122501045630934,
  "raw_ece": 0.2819994548019281,
  "raw_calibration_slope": 0.2774498339683553,
  "raw_calibration_intercept": -1.5096227768129626,
  "auc_raw": 0.5911058638331366,
  "auc_calibrated": 0.5205627705627706,
  "optuna_best_params": null,
  "optuna_best_score": null,
  "diagnostics": {
    "isotonic": {
      "brier": 0.13992665847456442,
      "info": {
        "type": "isotonic",
        "x": [
          0.11243684966659524,
          0.15102161179634735,
          0.15289160916002328,
          0.24585197578981335,
          0.2500990413959561,
          0.4041850041694582,
          0.4072968784506116,
          0.42538884012454986,
          0.43048700516526384,
          0.722193603074574,
          0.7406226162675591,
          0.7663875576433812,
          0.7666848029610212,
          0.9850225551870062
        ],
        "y": [
          0.0,
          0.0,
          0.09523809523809523,
          0.09523809523809523,
          0.10344827586206896,
          0.10344827586206896,
          0.16666666666666666,
          0.16666666666666666,
          0.23529411764705882,
          0.23529411764705882,
          0.25,
          0.25,
          0.3,
          0.3
        ],
        "out_of_bounds": "clip"
      }
    },
    "sigmoid": {
      "brier": 0.14438565175750614,
      "info": {
        "type": "sigmoid",
        "intercept": -1.5096289478723883,
        "slope": 0.2772896320248095
      }
    }
  }
}