{
  "models": [
    {
      "model": "Radiomics signature",
      "n": 187,
      "events": 33,
      "auc": 0.7961432506887052,
      "auc_ci_low": 0.7135924666162761,
      "auc_ci_high": 0.874178783050341,
      "brier": 0.1277525189282011,
      "ece": 0.05539754769447673,
      "max_calibration_error": 0.3343887043015666,
      "calibration_intercept": -17513554165.068974,
      "calibration_slope": -10881712558.021202,
      "youden_threshold": 0.2222222222222222,
      "youden_sensitivity": 0.5454545454545454,
      "youden_specificity": 0.8636363636363636,
      "low_threshold": 0.0,
      "high_threshold": 0.216,
      "auc_probability_source": "raw_oof",
      "auc_calibrated": 0.7389807162534436,
      "auc_calibrated_ci_low": 0.642839676874455,
      "auc_calibrated_ci_high": 0.833301759046376,
      "calibration_method": "isotonic",
      "calibration": "isotonic",
      "calibration_brier": 0.1277525189282011,
      "brier_raw": 0.1880565923126082,
      "calibration_brier_delta": -0.0603040733844071,
      "raw_calibration_slope": 0.7472207615943958,
      "raw_calibration_intercept": -1.4493964721488912,
      "raw_ece": 0.2152789708884794,
      "calibration_brier_full": 0.10853758334180845,
      "optuna_best_params": {
        "C": 35.528420709464484,
        "l1_ratio": 0.3230325803466242
      },
      "optuna_best_score": 0.7927807486631017
    },
    {
      "model": "Clinical refit",
      "n": 187,
      "events": 33,
      "auc": 0.5911058638331366,
      "auc_ci_low": 0.4812276416459884,
      "auc_ci_high": 0.6946529017537492,
      "brier": 0.14919572282950747,
      "ece": 0.04424592011017547,
      "max_calibration_error": 0.2551057659559438,
      "calibration_intercept": 409.8006647317325,
      "calibration_slope": 290.60126564406187,
      "youden_threshold": 0.16666666666666666,
      "youden_sensitivity": 0.7272727272727273,
      "youden_specificity": 0.48051948051948057,
      "low_threshold": 0.13,
      "high_threshold": 0.252,
      "auc_probability_source": "raw_oof",
      "auc_calibrated": 0.5205627705627706,
      "auc_calibrated_ci_low": 0.41672297297297306,
      "auc_calibrated_ci_high": 0.6211912686940266,
      "calibration_method": "isotonic",
      "calibration": "isotonic",
      "calibration_brier": 0.14919572282950747,
      "brier_raw": 0.24122501045630934,
      "calibration_brier_delta": -0.09202928762680188,
      "raw_calibration_slope": 0.2774498339683553,
      "raw_calibration_intercept": -1.5096227768129626,
      "raw_ece": 0.2819994548019281,
      "calibration_brier_full": 0.13992665847456442
    },
    {
      "model": "Radiomics + clinical refit",
      "n": 187,
      "events": 33,
      "auc": 0.7532467532467533,
      "auc_ci_low": 0.6662874215683076,
      "auc_ci_high": 0.8367996283480712,
      "brier": 0.13354560578431943,
      "ece": 0.04665987201304292,
      "max_calibration_error": 0.5,
      "calibration_intercept": 574.5728428781482,
      "calibration_slope": 348.9992343390483,
      "youden_threshold": 0.14285714285714285,
      "youden_sensitivity": 0.6666666666666666,
      "youden_specificity": 0.7337662337662338,
      "low_threshold": 0.0,
      "high_threshold": 0.14200000000000002,
      "auc_probability_source": "raw_oof",
      "auc_calibrated": 0.725698543880362,
      "auc_calibrated_ci_low": 0.6306086359338318,
      "auc_calibrated_ci_high": 0.8148291405927511,
      "calibration_method": "isotonic",
      "calibration": "isotonic",
      "calibration_brier": 0.13354560578431943,
      "brier_raw": 0.19444475199843977,
      "calibration_brier_delta": -0.06089914621412035,
      "raw_calibration_slope": 0.3955197960938286,
      "raw_calibration_intercept": -1.383499152284368,
      "raw_ece": 0.19531342530529242,
      "calibration_brier_full": 0.11862266274030982,
      "optuna_best_params": {
        "C": 25.352939136864673,
        "l1_ratio": 0.2911188196068541
      },
      "optuna_best_score": 0.7223707664884135
    },
    {
      "model": "Radiomics + D-FRS pre-operative",
      "n": 187,
      "events": 33,
      "auc": 0.7847304210940574,
      "auc_ci_low": 0.6999628450106157,
      "auc_ci_high": 0.8631431864808026,
      "brier": 0.1282886106523499,
      "ece": 0.06970939419033845,
      "max_calibration_error": 0.3775510204081632,
      "calibration_intercept": -828312.4090484349,
      "calibration_slope": -484413.0272703046,
      "youden_threshold": 0.125,
      "youden_sensitivity": 0.8484848484848485,
      "youden_specificity": 0.551948051948052,
      "low_threshold": 0.0,
      "high_threshold": 0.10400000000000001,
      "auc_probability_source": "raw_oof",
      "auc_calibrated": 0.7283549783549783,
      "auc_calibrated_ci_low": 0.6369246480363547,
      "auc_calibrated_ci_high": 0.8132074938786912,
      "calibration_method": "isotonic",
      "calibration": "isotonic",
      "calibration_brier": 0.1282886106523499,
      "brier_raw": 0.18978783841330443,
      "calibration_brier_delta": -0.06149922776095454,
      "raw_calibration_slope": 0.7474809077564692,
      "raw_calibration_intercept": -1.4370865286597994,
      "raw_ece": 0.21610367842693565,
      "calibration_brier_full": 0.1128267298264484,
      "optuna_best_params": {
        "C": 7.46606058875583,
        "l1_ratio": 0.42090842913505244
      },
      "optuna_best_score": 0.7839709310297546
    },
    {
      "model": "Radiomics + D-FRS intra-operative",
      "n": 187,
      "events": 33,
      "auc": 0.7898465171192444,
      "auc_ci_low": 0.7089300860433451,
      "auc_ci_high": 0.8648743889682883,
      "brier": 0.12933340238972146,
      "ece": 0.04271882600712101,
      "max_calibration_error": 0.4337439363716179,
      "calibration_intercept": 710.6807589444721,
      "calibration_slope": 497.167439092043,
      "youden_threshold": 0.15151515151515152,
      "youden_sensitivity": 0.8181818181818182,
      "youden_specificity": 0.577922077922078,
      "low_threshold": 0.0,
      "high_threshold": 0.11800000000000001,
      "auc_probability_source": "raw_oof",
      "auc_calibrated": 0.7402597402597402,
      "auc_calibrated_ci_low": 0.6502957159180998,
      "auc_calibrated_ci_high": 0.8243260952484744,
      "calibration_method": "isotonic",
      "calibration": "isotonic",
      "calibration_brier": 0.12933340238972146,
      "brier_raw": 0.18908442203397346,
      "calibration_brier_delta": -0.059751019644252,
      "raw_calibration_slope": 0.6745396245011599,
      "raw_calibration_intercept": -1.4282226173859833,
      "raw_ece": 0.21278776028418475,
      "calibration_brier_full": 0.11140348893737774,
      "optuna_best_params": {
        "C": 21.368329072358772,
        "l1_ratio": 0.2743186887373967
      },
      "optuna_best_score": 0.7817656200009141
    },
    {
      "model": "Radiomics + DISPAIR",
      "n": 187,
      "events": 33,
      "auc": 0.7870916961826053,
      "auc_ci_low": 0.7067148856193158,
      "auc_ci_high": 0.8649399447852286,
      "brier": 0.12447227713802604,
      "ece": 0.04801807224857094,
      "max_calibration_error": 0.6666666666666667,
      "calibration_intercept": -36043.74119049737,
      "calibration_slope": -20838.258469807588,
      "youden_threshold": 0.2857142857142857,
      "youden_sensitivity": 0.5454545454545454,
      "youden_specificity": 0.8896103896103896,
      "low_threshold": 0.0,
      "high_threshold": 0.202,
      "auc_probability_source": "raw_oof",
      "auc_calibrated": 0.7402597402597402,
      "auc_calibrated_ci_low": 0.646039606146238,
      "auc_calibrated_ci_high": 0.8309497091249423,
      "calibration_method": "isotonic",
      "calibration": "isotonic",
      "calibration_brier": 0.12447227713802604,
      "brier_raw": 0.18991939490415527,
      "calibration_brier_delta": -0.06544711776612923,
      "raw_calibration_slope": 0.7402041282264448,
      "raw_calibration_intercept": -1.4539328664500657,
      "raw_ece": 0.22119665154476206,