{
  "method": "isotonic",
  "brier_cv": 0.13354560578431943,
  "brier_full": 0.11862266274030982,
  "brier_raw": 0.19444475199843977,
  "raw_ece": 0.19531342530529242,
  "raw_calibration_slope": 0.3955197960938286,
  "raw_calibration_intercept": -1.383499152284368,
  "auc_raw": 0.7532467532467533,
  "auc_calibrated": 0.725698543880362,
  "optuna_best_params": {
    "C": 25.352939136864673,
    "l1_ratio": 0.2911188196068541
  },
  "optuna_best_score": 0.7223707664884135,
  "diagnostics": {
    "isotonic": {
      "brier": 0.11862266274030982,
      "info": {
        "type": "isotonic",
        "x": [
          5.3985998415746406e-05,
          0.045957413413501326,
          0.04701390719552686,
          0.46235348851051,
          0.4683373072426127,
          0.5120023796226894,
          0.5128940077161172,
          0.5387232291534496,
          0.547350380965117,
          0.757182963592716,
          0.7624147252839779,
          0.9316278850906652,
          0.9389081389706392,
          0.9996408959317763,
          0.9999999999999811
        ],
        "y": [
          0.0,
          0.0,
          0.11538461538461539,
          0.11538461538461539,
          0.2222222222222222,
          0.2222222222222222,
          0.25,
          0.25,
          0.2962962962962963,
          0.2962962962962963,
          0.38095238095238093,
          0.38095238095238093,
          0.6666666666666666,
          0.6666666666666666,
          1.0
        ],
        "out_of_bounds": "clip"
      }
    },
    "sigmoid": {
      "brier": 0.12753021260201516,
      "info": {
        "type": "sigmoid",
        "intercept": -1.3835550529865552,
        "slope": 0.39550754953330897
      }
    }
  }
}