{
  "method": "isotonic",
  "brier_cv": 0.1277525189282011,
  "brier_full": 0.10853758334180845,
  "brier_raw": 0.1880565923126082,
  "raw_ece": 0.2152789708884794,
  "raw_calibration_slope": 0.7472207615943958,
  "raw_calibration_intercept": -1.4493964721488912,
  "auc_raw": 0.7961432506887052,
  "auc_calibrated": 0.7389807162534436,
  "optuna_best_params": {
    "C": 35.528420709464484,
    "l1_ratio": 0.3230325803466242
  },
  "optuna_best_score": 0.7927807486631017,
  "diagnostics": {
    "isotonic": {
      "brier": 0.10853758334180845,
      "info": {
        "type": "isotonic",
        "x": [
          0.0003688183392023248,
          0.10106427478394145,
          0.10302634462681033,
          0.1704222780227902,
          0.18441973526370328,
          0.3312256146954621,
          0.3425485122864813,
          0.6052269183850348,
          0.6054005815233726,
          0.6866567414650487,
          0.6878009752758384,
          0.6942842637786435,
          0.6989451191333947,
          0.7392927613491673,
          0.7423485584328194,
          0.9534778573659336,
          0.9539197404343775,
          0.9999999999999953
        ],
        "y": [
          0.0,
          0.0,
          0.05263157894736842,
          0.05263157894736842,
          0.10714285714285714,
          0.10714285714285714,
          0.16666666666666666,
          0.16666666666666666,
          0.17647058823529413,
          0.17647058823529413,
          0.25,
          0.25,
          0.3333333333333333,
          0.3333333333333333,
          0.55,
          0.55,
          1.0,
          1.0
        ],
        "out_of_bounds": "clip"
      }
    },
    "sigmoid": {
      "brier": 0.12015816094554314,
      "info": {
        "type": "sigmoid",
        "intercept": -1.4495701704869286,
        "slope": 0.7471978892888472
      }
    }
  }
}