{
  "method": "isotonic",
  "brier_cv": 0.1282886106523499,
  "brier_full": 0.1128267298264484,
  "brier_raw": 0.18978783841330443,
  "raw_ece": 0.21610367842693565,
  "raw_calibration_slope": 0.7474809077564692,
  "raw_calibration_intercept": -1.4370865286597994,
  "auc_raw": 0.7847304210940574,
  "auc_calibrated": 0.7283549783549783,
  "optuna_best_params": {
    "C": 7.46606058875583,
    "l1_ratio": 0.42090842913505244
  },
  "optuna_best_score": 0.7839709310297546,
  "diagnostics": {
    "isotonic": {
      "brier": 0.1128267298264484,
      "info": {
        "type": "isotonic",
        "x": [
          0.00037234661393864565,
          0.11406957063604778,
          0.11586516192396237,
          0.36659223518695416,
          0.37116401406292526,
          0.5964409234731479,
          0.6003887923408623,
          0.6875184574264822,
          0.6900626704703123,
          0.7030394394623863,
          0.7040519339504823,
          0.7134892634167291,
          0.7193005456842444,
          0.7363778355567858,
          0.736477222315088,
          0.7614902668393145,
          0.7677038079208792,
          0.9228819988840791,
          0.9379320610624455,
          0.9999999999999793
        ],
        "y": [
          0.0,
          0.0,
          0.08333333333333333,
          0.08333333333333333,
          0.1794871794871795,
          0.1794871794871795,
          0.21052631578947367,
          0.21052631578947367,
          0.3333333333333333,
          0.3333333333333333,
          0.4,
          0.4,
          0.42857142857142855,
          0.42857142857142855,
          0.4444444444444444,
          0.4444444444444444,
          0.45454545454545453,
          0.45454545454545453,
          1.0,
          1.0
        ],
        "out_of_bounds": "clip"
      }
    },
    "sigmoid": {
      "brier": 0.12131906780124828,
      "info": {
        "type": "sigmoid",
        "intercept": -1.4372660515794629,
        "slope": 0.7475118242923121
      }
    }
  }
}