{
  "method": "isotonic",
  "brier_cv": 0.137596470006701,
  "brier_full": 0.11656698654182138,
  "brier_raw": 0.18979703025393851,
  "raw_ece": 0.2144727030491991,
  "raw_calibration_slope": 0.6501022901241135,
  "raw_calibration_intercept": -1.4331431663274847,
  "auc_raw": 0.777056277056277,
  "auc_calibrated": 0.720680834317198,
  "optuna_best_params": {
    "C": 3.9033349899119067,
    "l1_ratio": 0.22413724361098314
  },
  "optuna_best_score": 0.7635746606334841,
  "diagnostics": {
    "isotonic": {
      "brier": 0.11656698654182138,
      "info": {
        "type": "isotonic",
        "x": [
          0.0003711295803244634,
          0.14901613641384923,
          0.14922793769907738,
          0.17630748644986882,
          0.17630881683409907,
          0.35148741752646073,
          0.35186180343253287,
          0.535291371664242,
          0.5386718135249681,
          0.6605321743901942,
          0.6608378580280877,
          0.7235269326719014,
          0.7242943293393144,
          0.8739342657358832,
          0.8915774615030122,
          0.9950726175230258,
          0.9999999999999454
        ],
        "y": [
          0.0,
          0.0,
          0.1,
          0.1,
          0.10714285714285714,
          0.10714285714285714,
          0.18181818181818182,
          0.18181818181818182,
          0.21428571428571427,
          0.21428571428571427,
          0.29411764705882354,
          0.29411764705882354,
          0.4666666666666667,
          0.4666666666666667,
          0.6666666666666666,
          0.6666666666666666,
          1.0
        ],
        "out_of_bounds": "clip"
      }
    },
    "sigmoid": {
      "brier": 0.12361478999206175,
      "info": {
        "type": "sigmoid",
        "intercept": -1.433242739493082,
        "slope": 0.6500189165649367
      }
    }
  }
}