{
  "method": "isotonic",
  "brier_cv": 0.12447227713802604,
  "brier_full": 0.10885314180768728,
  "brier_raw": 0.18991939490415527,
  "raw_ece": 0.22119665154476206,
  "raw_calibration_slope": 0.7402041282264448,
  "raw_calibration_intercept": -1.4539328664500657,
  "auc_raw": 0.7870916961826053,
  "auc_calibrated": 0.7402597402597402,
  "optuna_best_params": {
    "C": 16.034463726648983,
    "l1_ratio": 0.2046118563621691
  },
  "optuna_best_score": 0.7910096439508205,
  "diagnostics": {
    "isotonic": {
      "brier": 0.10885314180768728,
      "info": {
        "type": "isotonic",
        "x": [
          0.0005208237342009474,
          0.09200691761730478,
          0.09894263717603675,
          0.17777678511000344,
          0.1800007833023368,
          0.25902801062452135,
          0.2766191514553023,
          0.33542023150554473,
          0.33812725860528364,
          0.6885292008286528,
          0.6975974562145906,
          0.7023316022439143,
          0.7093030618940372,
          0.7289270369310239,
          0.7334239019026702,
          0.8024250759074153,
          0.8122935399835358,
          0.821752730445646,
          0.8236718296127147,
          0.9438570281798341,
          0.9562959075604585,
          0.9999999999999789
        ],
        "y": [
          0.0,
          0.0,
          0.045454545454545456,
          0.045454545454545456,
          0.1111111111111111,
          0.1111111111111111,
          0.14285714285714285,
          0.14285714285714285,
          0.15625,
          0.15625,
          0.3333333333333333,
          0.3333333333333333,
          0.42857142857142855,
          0.42857142857142855,
          0.4666666666666667,
          0.4666666666666667,
          0.5,
          0.5,
          0.5714285714285714,
          0.5714285714285714,
          1.0,
          1.0
        ],
        "out_of_bounds": "clip"
      }
    },
    "sigmoid": {
      "brier": 0.12033133079160538,
      "info": {
        "type": "sigmoid",
        "intercept": -1.4541436821017917,
        "slope": 0.7401852260462897
      }
    }
  }
}