{
  "method": "isotonic",
  "brier_cv": 0.12933340238972146,
  "brier_full": 0.11140348893737774,
  "brier_raw": 0.18908442203397346,
  "raw_ece": 0.21278776028418475,
  "raw_calibration_slope": 0.6745396245011599,
  "raw_calibration_intercept": -1.4282226173859833,
  "auc_raw": 0.7898465171192444,
  "auc_calibrated": 0.7402597402597402,
  "optuna_best_params": {
    "C": 21.368329072358772,
    "l1_ratio": 0.2743186887373967
  },
  "optuna_best_score": 0.7817656200009141,
  "diagnostics": {
    "isotonic": {
      "brier": 0.11140348893737774,
      "info": {
        "type": "isotonic",
        "x": [
          0.00015636169585582762,
          0.11350041742684806,
          0.11384985566429581,
          0.37418629477439563,
          0.3767290012640883,
          0.6492814799643751,
          0.6493441985526188,
          0.6950499281207755,
          0.7114598520996457,
          0.7345238264548793,
          0.7407470567427554,
          0.7845187198904057,
          0.7883238984445035,
          0.9716857094623073,
          0.9969028477185927,
          0.9999999999999993
        ],
        "y": [
          0.0,
          0.0,
          0.09302325581395349,
          0.09302325581395349,
          0.20454545454545456,
          0.20454545454545456,
          0.25,
          0.25,
          0.3,
          0.3,
          0.4,
          0.4,
          0.6363636363636364,
          0.6363636363636364,
          1.0,
          1.0
        ],
        "out_of_bounds": "clip"
      }
    },
    "sigmoid": {
      "brier": 0.12234851687545363,
      "info": {
        "type": "sigmoid",
        "intercept": -1.4283964229210575,
        "slope": 0.6745598485366937
      }
    }
  }
}