{
  "method": "isotonic",
  "brier_cv": 0.13546396100110816,
  "brier_full": 0.11659159159159158,
  "brier_raw": 0.19277857733570314,
  "raw_ece": 0.21366644210677233,
  "raw_calibration_slope": 0.6176830148205787,
  "raw_calibration_intercept": -1.367859208365719,
  "auc_raw": 0.7725742271196816,
  "auc_calibrated": 0.7327823691460056,
  "optuna_best_params": {
    "C": 36.40277004760154,
    "l1_ratio": 0.21818473461693577
  },
  "optuna_best_score": 0.7387759710930443,
  "diagnostics": {
    "isotonic": {
      "brier": 0.11659159159159158,
      "info": {
        "type": "isotonic",
        "x": [
          0.0006827025587352821,
          0.039539925302583996,
          0.043378079456397975,
          0.09359905132472807,
          0.09749746489241012,
          0.39353922576823286,
          0.4069386650362396,
          0.637253422362371,
          0.6439836644988134,
          0.7404453453544997,
          0.7642729894768018,
          0.9496482160515776,
          0.9963578774062272,
          0.9999999999999922
        ],
        "y": [
          0.0,
          0.0,
          0.06666666666666667,
          0.06666666666666667,
          0.08333333333333333,
          0.08333333333333333,
          0.19444444444444445,
          0.19444444444444445,
          0.3,
          0.3,
          0.5333333333333333,
          0.5333333333333333,
          1.0,
          1.0
        ],
        "out_of_bounds": "clip"
      }
    },
    "sigmoid": {
      "brier": 0.12449049166205747,
      "info": {
        "type": "sigmoid",
        "intercept": -1.3679780560274506,
        "slope": 0.6176966576543891
      }
    }
  }
}