model,probability_source,apparent_auc,inner_cv_auc_for_tuning,auc_632plus,auc_632plus_ci_low,auc_632plus_ci_high,mean_oob_auc,valid_replicates,hyperparameters
Elastic-net logistic regression,apparent ROC from full-cohort fit; AUC from paired class-stratified bootstrap .632+,0.8254716981132075,0.790356394129979,0.7886363715196645,0.6965084010106993,0.8556246571874394,0.7740060619908531,2000,"{""C"": 3.0, ""l1_ratio"": 0.05}"
L2 logistic regression,apparent ROC from full-cohort fit; AUC from paired class-stratified bootstrap .632+,0.8258211041229909,0.790356394129979,0.7886470403122123,0.6962980770551443,0.8556155148974017,0.7740157406075636,2000,"{""C"": 3.0}"
Support vector machine,apparent ROC from full-cohort fit; AUC from paired class-stratified bootstrap .632+,0.8214535290006988,0.7059748427672957,0.7172509643040373,0.5591410265163901,0.821724029861848,0.6835032071114362,2000,"{""C"": 0.1, ""gamma"": 0.1}"
Random forest,apparent ROC from full-cohort fit; AUC from paired class-stratified bootstrap .632+,0.9972047519217331,0.7127882599580713,0.7469186706553731,0.6004732368757019,0.8629247305693475,0.6947249035714017,2000,"{""max_depth"": 5, ""min_samples_leaf"": 2}"
XGBoost,apparent ROC from full-cohort fit; AUC from paired class-stratified bootstrap .632+,0.9902166317260658,0.7290356394129981,0.7663597398826796,0.6317983457531255,0.8736958579392685,0.7130303434035808,2000,"{""learning_rate"": 0.03, ""max_depth"": 3}"
LightGBM,apparent ROC from full-cohort fit; AUC from paired class-stratified bootstrap .632+,0.9804332634521313,0.719601677148847,0.7595376647804369,0.6232179465657229,0.8656045433969037,0.7065368485415205,2000,"{""min_child_samples"": 10, ""num_leaves"": 3}"
