{
  "models": [
    {
      "model": "Radiomics signature",
      "n": 9,
      "events": 2,
      "auc": 1.0,
      "auc_ci_low": 0.9999999999999999,
      "auc_ci_high": 1.0,
      "brier": 0.058129661672216254,
      "ece": 0.03521971710018934,
      "max_calibration_error": 0.15848872695085203,
      "calibration_intercept": 133.24518377247142,
      "calibration_slope": 202.75149204456815,
      "youden_threshold": 0.35523480749228864,
      "youden_sensitivity": 1.0,
      "youden_specificity": 1.0,
      "low_threshold": 0.0,
      "high_threshold": 0.09178056680968212,
      "auc_probability_source": "raw_oof",
      "auc_calibrated": 1.0,
      "auc_calibrated_ci_low": 1.0,
      "auc_calibrated_ci_high": 1.0,
      "calibration_method": "isotonic",
      "calibration": "isotonic",
      "calibration_brier": 0.058129661672216254,
      "brier_raw": 0.07889121288044487,
      "calibration_brier_delta": -0.020761551208228618,
      "raw_calibration_slope": 54.374581033453545,
      "raw_calibration_intercept": -16.905936041010925,
      "raw_ece": 0.2198943293017398,
      "calibration_brier_full": 0.0
    },
    {
      "model": "Clinical refit",
      "n": 9,
      "events": 2,
      "auc": 0.0,
      "auc_ci_low": 0.0,
      "auc_ci_high": 0.0,
      "brier": 0.019083678807005677,
      "ece": 0.06362647042508514,
      "max_calibration_error": 0.3495420119988558,
      "calibration_intercept": 5.0439434084288814,
      "calibration_slope": 16.482568392374848,
      "youden_threshold": 0.6504579880011442,
      "youden_sensitivity": 1.0,
      "youden_specificity": 1.0,
      "low_threshold": 6.201857650284229e-13,
      "high_threshold": 0.06266301277041476,
      "auc_probability_source": "raw_oof",
      "auc_calibrated": 1.0,
      "auc_calibrated_ci_low": 1.0,
      "auc_calibrated_ci_high": 1.0,
      "calibration_method": "sigmoid",
      "calibration": "sigmoid",
      "calibration_brier": 0.019083678807005677,
      "brier_raw": 0.23202811177484162,
      "calibration_brier_delta": -0.21294443296783594,
      "raw_calibration_slope": -245.9653565280237,
      "raw_calibration_intercept": -527.1906785050498,
      "raw_ece": 0.24628209879456597,
      "calibration_brier_full": 8.504362819895411e-07
    },
    {
      "model": "Radiomics + clinical refit",
      "n": 9,
      "events": 2,
      "auc": 0.6428571428571428,
      "auc_ci_low": 0.25,
      "auc_ci_high": 1.0,
      "brier": 0.1637882698110157,
      "ece": 0.1075337434116749,
      "max_calibration_error": 0.5,
      "calibration_intercept": 458.60689797612474,
      "calibration_slope": 626.7754261710985,
      "youden_threshold": 0.2926103400643275,
      "youden_sensitivity": 1.0,
      "youden_specificity": 0.5714285714285714,
      "low_threshold": 0.1546393354382981,
      "high_threshold": 0.3318659788112788,
      "auc_probability_source": "raw_oof",
      "auc_calibrated": 0.6785714285714286,
      "auc_calibrated_ci_low": 0.2857142857142857,
      "auc_calibrated_ci_high": 1.0,
      "calibration_method": "isotonic",
      "calibration": "isotonic",
      "calibration_brier": 0.1637882698110157,
      "brier_raw": 0.1788818646070739,
      "calibration_brier_delta": -0.01509359479605818,
      "raw_calibration_slope": 0.5726785376725894,
      "raw_calibration_intercept": -0.5310034853915732,
      "raw_ece": 0.21982826233026687,
      "calibration_brier_full": 0.13333333333333336
    },
    {
      "model": "Radiomics + D-FRS pre-operative",
      "n": 9,
      "events": 2,
      "auc": 0.8571428571428572,
      "auc_ci_low": 0.5,
      "auc_ci_high": 1.0,
      "brier": 0.16666666666666666,
      "ece": 0.1111111111111111,
      "max_calibration_error": 0.14285714285714285,
      "calibration_intercept": -3.095554346605165e-16,
      "calibration_slope": -5170172402.579311,
      "youden_threshold": 0.5,
      "youden_sensitivity": 0.5,
      "youden_specificity": 0.8571428571428572,
      "low_threshold": 0.0,
      "high_threshold": 0.0,
      "auc_probability_source": "raw_oof",
      "auc_calibrated": 0.6785714285714286,
      "auc_calibrated_ci_low": 0.33333333333333337,
      "auc_calibrated_ci_high": 1.0,
      "calibration_method": "isotonic",
      "calibration": "isotonic",
      "calibration_brier": 0.16666666666666666,
      "brier_raw": 0.15182487332139324,
      "calibration_brier_delta": 0.014841793345273413,
      "raw_calibration_slope": 1.468502066623632,
      "raw_calibration_intercept": -0.9453937328508053,
      "raw_ece": 0.2205378219500927,
      "calibration_brier_full": 0.07407407407407408
    },
    {
      "model": "Radiomics + D-FRS intra-operative",
      "n": 9,
      "events": 2,
      "auc": 1.0,
      "auc_ci_low": 0.9999999999999999,
      "auc_ci_high": 1.0,
      "brier": 0.06579153137002086,
      "ece": 0.050030362857410984,
      "max_calibration_error": 0.27515961452865534,
      "calibration_intercept": -1.7098926374130992,
      "calibration_slope": 4.822355365982846,
      "youden_threshold": 0.5870178293877194,
      "youden_sensitivity": 1.0,
      "youden_specificity": 0.8571428571428572,
      "low_threshold": 0.0,
      "high_threshold": 0.3624799146891934,
      "auc_probability_source": "raw_oof",
      "auc_calibrated": 0.9285714285714286,
      "auc_calibrated_ci_low": 0.6666666666666667,
      "auc_calibrated_ci_high": 1.0,
      "calibration_method": "isotonic",
      "calibration": "isotonic",
      "calibration_brier": 0.06579153137002086,
      "brier_raw": 0.08832186468885124,
      "calibration_brier_delta": -0.02253033331883038,
      "raw_calibration_slope": 36.13658063984862,
      "raw_calibration_intercept": -29.418798438531496,
      "raw_ece": 0.21519859615450007,
      "calibration_brier_full": 0.0
    },
    {
      "model": "Radiomics + DISPAIR",
      "n": 9,
      "events": 2,
      "auc": 0.7857142857142857,
      "auc_ci_low": 0.2857142857142857,
      "auc_ci_high": 1.0,
      "brier": 0.17283950617283952,
      "ece": 0.14814814814814814,
      "max_calibration_error": 0.16666666666666669,
      "calibration_intercept": -3675903560.3176355,
      "calibration_slope": -5303207837.338358,
      "youden_threshold": 0.3333333333333333,
      "youden_sensitivity": 0.5,
      "youden_specificity": 0.8571428571428572,
      "low_threshold": 0.0,
      "high_threshold": 0.0,
      "auc_probability_source": "raw_oof",
      "auc_calibrated": 0.6785714285714286,
      "auc_calibrated_ci_low": 0.33333333333333337,
      "auc_calibrated_ci_high": 1.0,
      "calibration_method": "isotonic",
      "calibration": "isotonic",
      "calibration_brier": 0.17283950617283952,
      "brier_raw": 0.19308569846478266,
      "calibration_brier_delta": -0.020246192291943133,
      "raw_calibration_slope": 0.6925251576544894,
      "raw_calibration_intercept": -0.9023173049936445,
      "raw_ece": 0.28186234996663184,
      "calibration_brier_full": 0.08333333333333333
    },
    {
      "model": "Radiomics + DISPAIR refined",
      "n": 8,
      "events": 2,
      "auc": 0.9166666666666667,
      "auc_ci_low": 0.6,
      "auc_ci_high": 1.0,
      "brier": 0.14176942886893742,
      "ece": 0.1933543244629199,
      "max_calibration_error": 0.5,
      "calibration_intercept": 0.47711642926210607,
      "calibration_slope": 0.7957406484702391,
      "youden_threshold": 0.20426553064275743,
      "youden_sensitivity": 1.0,
      "youden_specificity": 0.6666666666666667,
      "low_threshold": 0.007658981493456263,
      "high_threshold": 0.2152658671567604,
      "auc_probability_source": "raw_oof",
      "auc_calibrated": 0.8333333333333334,
      "auc_calibrated_ci_low": 0.4285714285714286,
      "auc_calibrated_ci_high": 1.0,
      "calibration_method": "isotonic",
      "calibration": "isotonic",
      "calibration_brier": 0.14176942886893742,
      "brier_raw": 0.17990498517089118,
      "calibration_brier_delta": -0.038135556301953755,
      "raw_calibration_slope": 17.562296718901685,