{
  "method": "isotonic",
  "brier_cv": 0.15941425922370037,
  "brier_full": 0.13333333333333336,
  "brier_raw": 0.19181797865706718,
  "raw_ece": 0.2299449761745735,
  "raw_calibration_slope": 0.8105621613576799,
  "raw_calibration_intercept": -0.9222643290377422,
  "auc_raw": 0.5714285714285714,
  "auc_calibrated": 0.6071428571428572,
  "optuna_best_params": null,
  "optuna_best_score": null,
  "diagnostics": {
    "isotonic": {
      "brier": 0.13333333333333336,
      "info": {
        "type": "isotonic",
        "x": [
          0.015884289434462726,
          0.37989501350757415,
          0.5229653058482433,
          0.6384570811066225
        ],
        "y": [
          0.0,
          0.0,
          0.4,
          0.4
        ],
        "out_of_bounds": "clip"
      }
    },
    "sigmoid": {
      "brier": 0.15784683556971785,
      "info": {
        "type": "sigmoid",
        "intercept": -0.9223163817811394,
        "slope": 0.8104568897520527
      }
    }
  }
}