{
  "method": "isotonic",
  "brier_cv": 0.16666666666666666,
  "brier_full": 0.07407407407407408,
  "brier_raw": 0.15182487332139324,
  "raw_ece": 0.2205378219500927,
  "raw_calibration_slope": 1.468502066623632,
  "raw_calibration_intercept": -0.9453937328508053,
  "auc_raw": 0.8571428571428572,
  "auc_calibrated": 0.6785714285714286,
  "optuna_best_params": null,
  "optuna_best_score": null,
  "diagnostics": {
    "isotonic": {
      "brier": 0.07407407407407408,
      "info": {
        "type": "isotonic",
        "x": [
          0.01856518520362381,
          0.4260445928317932,
          0.4453895732525586,
          0.6315726724368363,
          0.7396198037439695
        ],
        "y": [
          0.0,
          0.0,
          0.3333333333333333,
          0.3333333333333333,
          1.0
        ],
        "out_of_bounds": "clip"
      }
    },
    "sigmoid": {
      "brier": 0.1273721185537379,
      "info": {
        "type": "sigmoid",
        "intercept": -0.9452971013436483,
        "slope": 1.4685972119545236
      }
    }
  }
}