{
  "method": "isotonic",
  "brier_cv": 0.17283950617283952,
  "brier_full": 0.08333333333333333,
  "brier_raw": 0.19308569846478266,
  "raw_ece": 0.28186234996663184,
  "raw_calibration_slope": 0.6925251576544894,
  "raw_calibration_intercept": -0.9023173049936445,
  "auc_raw": 0.7857142857142857,
  "auc_calibrated": 0.6785714285714286,
  "optuna_best_params": null,
  "optuna_best_score": null,
  "diagnostics": {
    "isotonic": {
      "brier": 0.08333333333333333,
      "info": {
        "type": "isotonic",
        "x": [
          0.012364600617448807,
          0.19377332953611656,
          0.3633149961767011,
          0.6717756670139963,
          0.680400203153382
        ],
        "y": [
          0.0,
          0.0,
          0.25,
          0.25,
          1.0
        ],
        "out_of_bounds": "clip"
      }
    },
    "sigmoid": {
      "brier": 0.15594774255077892,
      "info": {
        "type": "sigmoid",
        "intercept": -0.9023839293098591,
        "slope": 0.6924384280606225
      }
    }
  }
}