{
  "method": "isotonic",
  "brier_cv": 0.058129661672216254,
  "brier_full": 0.0,
  "brier_raw": 0.07889121288044487,
  "raw_ece": 0.2198943293017398,
  "raw_calibration_slope": 54.374581033453545,
  "raw_calibration_intercept": -16.905936041010925,
  "auc_raw": 1.0,
  "auc_calibrated": 1.0,
  "optuna_best_params": null,
  "optuna_best_score": null,
  "diagnostics": {
    "isotonic": {
      "brier": 0.0,
      "info": {
        "type": "isotonic",
        "x": [
          0.007793320259227395,
          0.5140282621020578,
          0.6389659613988868,
          0.8657328154334235
        ],
        "y": [
          0.0,
          0.0,
          1.0,
          1.0
        ],
        "out_of_bounds": "clip"
      }
    },
    "sigmoid": {
      "brier": 3.8492512788537516e-07,
      "info": {
        "type": "sigmoid",
        "intercept": -8.129024591393096,
        "slope": 25.77583320541754
      }
    }
  }
}